{
  "country_code": {
    "precision": 1.0,
    "recall": 1.0,
    "f1-score": 1.0,
    "support": 1460
  },
  "country_state": {
    "precision": 0.9142857142857143,
    "recall": 1.0,
    "f1-score": 0.955223880597015,
    "support": 32
  },
  "country_district": {
    "precision": 1.0,
    "recall": 0.9473684210526315,
    "f1-score": 0.972972972972973,
    "support": 19
  },
  "world_region": {
    "precision": 1.0,
    "recall": 1.0,
    "f1-score": 1.0,
    "support": 9
  },
  "micro avg": {
    "precision": 0.9980289093298291,
    "recall": 0.9993421052631579,
    "f1-score": 0.9986850756081526,
    "support": 1520
  },
  "macro avg": {
    "precision": 0.9785714285714285,
    "recall": 0.9868421052631579,
    "f1-score": 0.982049213392497,
    "support": 1520
  },
  "weighted avg": {
    "precision": 0.9981954887218044,
    "recall": 0.9993421052631579,
    "f1-score": 0.9987195070168362,
    "support": 1520
  }
}