{
  "country_district": {
    "precision": 0.9814814814814815,
    "recall": 1.0,
    "f1-score": 0.9906542056074767,
    "support": 53
  },
  "country_code": {
    "precision": 1.0,
    "recall": 0.9979564032697548,
    "f1-score": 0.9989771564950563,
    "support": 1468
  },
  "world_region": {
    "precision": 1.0,
    "recall": 1.0,
    "f1-score": 1.0,
    "support": 9
  },
  "country_state": {
    "precision": 0.0,
    "recall": 0.0,
    "f1-score": 0.0,
    "support": 1
  },
  "micro avg": {
    "precision": 0.9993455497382199,
    "recall": 0.9973873285434357,
    "f1-score": 0.998365478914678,
    "support": 1531
  },
  "macro avg": {
    "precision": 0.7453703703703703,
    "recall": 0.7494891008174387,
    "f1-score": 0.7474078405256332,
    "support": 1531
  },
  "weighted avg": {
    "precision": 0.9987057599729056,
    "recall": 0.9973873285434357,
    "f1-score": 0.9980425464610966,
    "support": 1531
  }
}