{
  "world_region": {
    "precision": 1.0,
    "recall": 1.0,
    "f1-score": 1.0,
    "support": 9
  },
  "country_state": {
    "precision": 1.0,
    "recall": 0.9705882352941176,
    "f1-score": 0.9850746268656716,
    "support": 34
  },
  "country_code": {
    "precision": 0.9717948717948718,
    "recall": 1.0,
    "f1-score": 0.9856957087126137,
    "support": 1516
  },
  "country_district": {
    "precision": 1.0,
    "recall": 1.0,
    "f1-score": 1.0,
    "support": 19
  },
  "micro avg": {
    "precision": 0.9728562615669339,
    "recall": 0.9993662864385298,
    "f1-score": 0.9859331040950298,
    "support": 1578
  },
  "macro avg": {
    "precision": 0.992948717948718,
    "recall": 0.9926470588235294,
    "f1-score": 0.9926925838945713,
    "support": 1578
  },
  "weighted avg": {
    "precision": 0.9729030580741607,
    "recall": 0.9993662864385298,
    "f1-score": 0.9859361417755103,
    "support": 1578
  }
}