{
  "world_region": {
    "precision": 1.0,
    "recall": 1.0,
    "f1-score": 1.0,
    "support": 9
  },
  "country_state": {
    "precision": 1.0,
    "recall": 0.9705882352941176,
    "f1-score": 0.9850746268656716,
    "support": 34
  },
  "country_code": {
    "precision": 0.979328165374677,
    "recall": 1.0,
    "f1-score": 0.989556135770235,
    "support": 1516
  },
  "country_district": {
    "precision": 1.0,
    "recall": 1.0,
    "f1-score": 1.0,
    "support": 19
  },
  "micro avg": {
    "precision": 0.9801118707271598,
    "recall": 0.9993662864385298,
    "f1-score": 0.989645434577973,
    "support": 1578
  },
  "macro avg": {
    "precision": 0.9948320413436693,
    "recall": 0.9926470588235294,
    "f1-score": 0.9936576906589767,
    "support": 1578
  },
  "weighted avg": {
    "precision": 0.9801403667351143,
    "recall": 0.9993662864385298,
    "f1-score": 0.9896448917244038,
    "support": 1578
  }
}